identifier,first_name,last_name,email
01,Stephen,Greigh-Nolah,stephen@mail.com
02,Megan,Smithe,megan@mail.com
03,Avery,Apples,avery@mail.com
04,Brady,Banter,brady@mail.com
05,Cassidy,Cheese,cassidy@mail.com
06,Derek,Dinosaur,derek@mail.com
07,Evelyn,Escalator,evelyn@mail.com
08,Fred,Forgetful,fred@mail.com
09,Geoff,Gondola,geoff@mail.com
10,Harley,Hazelnut,harley@mail.com
11,Karenna,Kung,kkung@smith.edu
